,SpectralRadius,AlgConnectivity,Modularity,Assortativity,AvgPathLen_LCC,Diameter_LCC
Full,1.534774312040383,0.0,0.0,-0.75,1.3,2.0
NodeLite,1.5347743120403803,0.0,0.0,-0.75,1.3,2.0
AppointmentIsolation,1.387801929183306,0.0,0.0,-0.6666666666666787,1.1666666666666667,2.0
RevenueSuppression,0.7342941425250822,0.0,0.0,-1.0,1.5,2.0
WorkforceNeutralization,0.9169687004321221,0.0,0.0,-1.0,1.5,2.0
InsuranceRemoval,1.534774312040383,0.0,0.0,-0.75,1.3,2.0
CostShockMask,1.1510201049087845,0.0,1.1102230246251565e-16,-0.6666666666666787,1.1666666666666667,2.0
