,AURC_Targeted,AURC_Random,F50_Targeted,F50_Random,R30_Targeted,R30_Random
Full,0.3214285714285714,0.49642857142857166,0.24999999999999997,0.3,0.14285714285714285,0.4964285714285713
NodeLite,0.41666666666666663,0.5833333333333334,0.3,0.44999999999999996,0.16666666666666666,0.5416666666666667
AppointmentIsolation,0.42500000000000004,0.5581250000000002,0.3,0.3,0.2,0.4549999999999999
RevenueSuppression,0.22916666666666666,0.4114583333333333,0.09999999999999999,0.09999999999999999,0.16666666666666666,0.35416666666666663
WorkforceNeutralization,0.22916666666666666,0.42118055555555556,0.09999999999999999,0.09999999999999999,0.16666666666666666,0.36249999999999993
InsuranceRemoval,0.41666666666666663,0.5682291666666667,0.3,0.44999999999999996,0.16666666666666666,0.5458333333333333
CostShockMask,0.26785714285714285,0.4014880952380953,0.09999999999999999,0.09999999999999999,0.14285714285714285,0.39285714285714307
