,MeanJaccard,MedianJaccard,BaseEdgeStability,EdgeCount_Mean,Density_SD,Efficiency_SD
Full,0.6349454365079366,0.625,0.7696428571428572,6.9625,0.06452501756029565,0.051543021288898115
NodeLite,0.6349454365079366,0.625,0.7696428571428572,6.9625,0.09033502458441392,0.07216022980445737
AppointmentIsolation,0.7370833333333333,0.8,0.8075000000000001,4.5875,0.0970743915767696,0.07402608399146285
RevenueSuppression,0.4691666666666666,0.4,0.6833333333333332,3.625,0.06529846008053243,0.06594750999146272
WorkforceNeutralization,0.5491666666666667,0.5,0.8125,4.0125,0.06624344831335732,0.06336728500292539
InsuranceRemoval,0.6349454365079366,0.625,0.7696428571428572,6.9625,0.09033502458441392,0.07216022980445737
CostShockMask,0.6641666666666666,0.6666666666666666,0.7350000000000001,4.2375,0.05545306589366185,0.054401907205157606
