,Density,GlobalEfficiency,Clustering,R10,GL@3,Entropy,Controllability
Full,0.3333333333333333,0.40476190476190477,0.5714285714285714,0.5714285714285714,0.3333333333333333,1.5498260408782016,0.4285714285714286
NodeLite,0.4666666666666667,0.5666666666666667,0.6666666666666666,0.6666666666666666,0.4666666666666667,1.5498260408782016,0.33333333333333337
AppointmentIsolation,0.5,0.55,0.6666666666666666,0.6,0.5,1.3661588435692016,0.19999999999999996
RevenueSuppression,0.2,0.3,0.0,0.16666666666666666,0.2,1.242453320894,0.6666666666666667
WorkforceNeutralization,0.2,0.3,0.0,0.16666666666666666,0.2,1.2424533208940003,0.6666666666666667
InsuranceRemoval,0.4666666666666667,0.5666666666666667,0.6666666666666666,0.6666666666666666,0.4666666666666667,1.5498260408782016,0.33333333333333337
CostShockMask,0.23809523809523808,0.2619047619047619,0.47619047619047616,0.42857142857142855,0.23809523809523808,1.3661588435692016,0.4285714285714286
